{
    "domains": {
        "Alarm": {
            "description":"Manage alarms by getting and setting them easily",
            "intents": {},
            "services": {
                "Alarm_1": "Manage alarms by getting and setting them easily"
            },
            "slots": {
                "alarm_time": {
                    "description": "Time of the alarm",
                    "aliases": [],
                    "possible_values": [],
                    "alternatives": [],
                    "category": "TIME",
                    "trackable": true
                },
                "alarm_name": {
                    "description": "Name of the alarm",
                    "aliases": [],
                    "possible_values": [],
                    "alternatives": [],
                    "category": "NAME",
                    "trackable": true
                },
                "new_alarm_time": {
                    "description": "Time to set for the new alarm",
                    "aliases": [],
                    "possible_values": [],
                    "alternatives": [],
                    "category": "TIME",
                    "trackable": true
                },
                "new_alarm_name": {
                    "description": "Name to use for the new alarm",
                    "aliases": [],
                    "possible_values": [],
                    "alternatives": [],
                    "category": "NAME",
                    "trackable": true
                }
            }
        },
        "Buses": {
            "description":"Find affordable and comfortable bus travel across the country",
            "intents": {},
            "services": {
                "Buses_3": "Affordable and comfortable bus travel across the country"
            },
            "slots": {
                "from_city": {
                    "description": "The city to depart from",
                    "aliases": [],
                    "possible_values": [],
                    "alternatives": [],
                    "category": "LOCATION",
                    "trackable": true
                },
                "to_city": {
                    "description": "The destination city of the trip",
                    "aliases": [],
                    "possible_values": [],
                    "alternatives": [],
                    "category": "LOCATION",
                    "trackable": true
                },
                "from_station": {
                    "description": "Name of station of departure",
                    "aliases": [],
                    "possible_values": [],
                    "alternatives": [],
                    "category": "NAME",
                    "trackable": true
                },
                "to_station": {
                    "description": "Name of station of arrival",
                    "aliases": [],
                    "possible_values": [],
                    "alternatives": [],
                    "category": "NAME",
                    "trackable": true
                },
                "departure_date": {
                    "description": "The date of departure",
                    "aliases": [],
                    "possible_values": [],
                    "alternatives": [],
                    "category": "DAY",
                    "trackable": true
                },
                "departure_time": {
                    "description": "The time of departure",
                    "aliases": [],
                    "possible_values": [],
                    "alternatives": [],
                    "category": "TIME",
                    "trackable": true
                },
                "price": {
                    "description": "Ticket price per passenger",
                    "aliases": [],
                    "possible_values": [],
                    "alternatives": [],
                    "category": "PRICE",
                    "trackable": true
                },
                "additional_luggage": {
                    "description": "Whether to carry excess baggage in the bus",
                    "aliases": [],
                    "possible_values": [
                        "True",
                        "False"
                    ],
                    "alternatives": [],
                    "category": "BOOLEAN",
                    "trackable": true
                },
                "num_passengers": {
                    "description": "The number of tickets for the trip",
                    "aliases": [],
                    "possible_values": [
                        "1",
                        "2",
                        "3",
                        "4",
                        "5"
                    ],
                    "alternatives": [],
                    "category": "NUMBER",
                    "trackable": true
                },
                "category": {
                    "description": "How many stops the route has",
                    "aliases": [],
                    "possible_values": [
                        "direct",
                        "one-stop"
                    ],
                    "alternatives": [],
                    "category": "TYPE",
                    "trackable": true
                }
            }
        },
        "Events": {
            "description": "Find and book tickets to any cultural events in your area",
            "intents": {},
            "services": {
                "Events_3": "Find and book tickets to any cultural events in your area"
            },
            "slots": {
                "event_type": {
                    "description": "Type of cultural event",
                    "aliases": [],
                    "possible_values": [
                        "Music",
                        "Theater"
                    ],
                    "alternatives": [],
                    "category": "TYPE",
                    "trackable": true
                },
                "event_name": {
                    "description": "Name of artist or play",
                    "aliases": [],
                    "possible_values": [],
                    "alternatives": [],
                    "category": "NAME",
                    "trackable": true
                },
                "date": {
                    "description": "Date of event",
                    "aliases": [],
                    "possible_values": [],
                    "alternatives": [],
                    "category": "DAY",
                    "trackable": true
                },
                "time": {
                    "description": "Start time of event",
                    "aliases": [],
                    "possible_values": [],
                    "alternatives": [],
                    "category": "TIME",
                    "trackable": true
                },
                "number_of_tickets": {
                    "description": "Number of tickets to reserve for the event",
                    "aliases": [],
                    "possible_values": [
                        "1",
                        "2",
                        "3",
                        "4",
                        "5",
                        "6",
                        "7",
                        "8",
                        "9"
                    ],
                    "alternatives": [],
                    "category": "NUMBER",
                    "trackable": true
                },
                "price_per_ticket": {
                    "description": "Price of each ticket",
                    "aliases": [],
                    "possible_values": [],
                    "alternatives": [],
                    "category": "PRICE",
                    "trackable": true
                },
                "city": {
                    "description": "City where the event is taking place",
                    "aliases": [],
                    "possible_values": [],
                    "alternatives": [],
                    "category": "LOCATION",
                    "trackable": true
                },
                "venue": {
                    "description": "Exact venue of event",
                    "aliases": [],
                    "possible_values": [],
                    "alternatives": [],
                    "category": "NAME",
                    "trackable": true
                },
                "venue_address": {
                    "description": "Street address of event venue",
                    "aliases": [],
                    "possible_values": [],
                    "alternatives": [],
                    "category": "LOCATION",
                    "trackable": true
                }
            }
        },
        "Flights": {
            "description":"Find cheap flights in seconds and book flights",
            "intents": {},
            "services": {
                "Flights_4": "Find cheap flights in seconds and book flights"
            },
            "slots": {
                "number_of_tickets": {
                    "description": "the number of flight tickets for the trip",
                    "aliases": [],
                    "possible_values": [
                        "1",
                        "2",
                        "3",
                        "4"
                    ],
                    "alternatives": [],
                    "category": "NUMBER",
                    "trackable": true
                },
                "seating_class": {
                    "description": "The cabin seat option",
                    "aliases": [],
                    "possible_values": [
                        "Economy",
                        "Premium Economy",
                        "Business"
                    ],
                    "alternatives": [],
                    "category": "CLASS",
                    "trackable": true
                },
                "origin_airport": {
                    "description": "The name of the airport or city to depart from",
                    "aliases": [],
                    "possible_values": [],
                    "alternatives": [],
                    "category": "NAME",
                    "trackable": true
                },
                "destination_airport": {
                    "description": "The name of the airport or city to arrive at",
                    "aliases": [],
                    "possible_values": [],
                    "alternatives": [],
                    "category": "NAME",
                    "trackable": true
                },
                "departure_date": {
                    "description": "Start date of the trip",
                    "aliases": [],
                    "possible_values": [],
                    "alternatives": [],
                    "category": "DAY",
                    "trackable": true
                },
                "return_date": {
                    "description": "End date of the trip",
                    "aliases": [],
                    "possible_values": [],
                    "alternatives": [],
                    "category": "DAY",
                    "trackable": true
                },
                "is_nonstop": {
                    "description": "Whether the flight is a direct one",
                    "aliases": [],
                    "possible_values": [
                        "True",
                        "False"
                    ],
                    "alternatives": [],
                    "category": "BOOLEAN",
                    "trackable": true
                },
                "outbound_departure_time": {
                    "description": "Departure time of the flight flying to the destination",
                    "aliases": [],
                    "possible_values": [],
                    "alternatives": [],
                    "category": "TIME",
                    "trackable": true
                },
                "outbound_arrival_time": {
                    "description": "Arrival time of the flight flying to the destination",
                    "aliases": [],
                    "possible_values": [],
                    "alternatives": [],
                    "category": "TIME",
                    "trackable": true
                },
                "inbound_arrival_time": {
                    "description": "Arrival time of the flight coming back from the trip",
                    "aliases": [],
                    "possible_values": [],
                    "alternatives": [],
                    "category": "TIME",
                    "trackable": true
                },
                "inbound_departure_time": {
                    "description": "Departure time of the flight coming back from the trip",
                    "aliases": [],
                    "possible_values": [],
                    "alternatives": [],
                    "category": "TIME",
                    "trackable": true
                },
                "price": {
                    "description": "The total cost of the flight tickets",
                    "aliases": [],
                    "possible_values": [],
                    "alternatives": [],
                    "category": "PRICE",
                    "trackable": true
                },
                "airlines": {
                    "description": "The company that provides air transport services",
                    "aliases": [],
                    "possible_values": [
                        "United Airlines",
                        "American Airlines",
                        "Delta Airlines",
                        "Southwest Airlines",
                        "Alaska Airlines",
                        "British Airways",
                        "Air Canada",
                        "Air France",
                        "South African Airways",
                        "LOT Polish Airlines",
                        "LATAM Brasil"
                    ],
                    "alternatives": [],
                    "category": "NAME",
                    "trackable": true
                }
            }
        },
        "Real Estate": {
            "description":"Find properties to buy and rent",
            "intents": {},
            "services": {
                "Homes_2": "Service for finding properties to buy and rent"
            },
            "slots": {
                "intent": {
                    "description": "Whether to buy or rent a property",
                    "aliases": [],
                    "possible_values": [
                        "rent",
                        "buy"
                    ],
                    "alternatives": [],
                    "category": "TYPE",
                    "trackable": true
                },
                "area": {
                    "description": "City where the property is located",
                    "aliases": [],
                    "possible_values": [],
                    "alternatives": [],
                    "category": "LOCATION",
                    "trackable": true
                },
                "address": {
                    "description": "Street address of property",
                    "aliases": [],
                    "possible_values": [],
                    "alternatives": [],
                    "category": "LOCATION",
                    "trackable": true
                },
                "property_name": {
                    "description": "Name of property or apartment complex",
                    "aliases": [],
                    "possible_values": [],
                    "alternatives": [],
                    "category": "NAME",
                    "trackable": true
                },
                "phone_number": {
                    "description": "Contact number of property or apartment complex",
                    "aliases": [],
                    "possible_values": [],
                    "alternatives": [],
                    "category": "NUMBER",
                    "trackable": true
                },
                "has_garage": {
                    "description": "Whether the property has a garage",
                    "aliases": [],
                    "possible_values": [
                        "True",
                        "False"
                    ],
                    "alternatives": [],
                    "category": "BOOLEAN",
                    "trackable": true
                },
                "in_unit_laundry": {
                    "description": "Whether the property has in-unit laundry facilities",
                    "aliases": [],
                    "possible_values": [
                        "True",
                        "False"
                    ],
                    "alternatives": [],
                    "category": "BOOLEAN",
                    "trackable": true
                },
                "price": {
                    "description": "Sale price or per-month rent of property",
                    "aliases": [],
                    "possible_values": [],
                    "alternatives": [],
                    "category": "PRICE",
                    "trackable": true
                },
                "visit_date": {
                    "description": "Date for visit to the property",
                    "aliases": [],
                    "possible_values": [],
                    "alternatives": [],
                    "category": "DAY",
                    "trackable": true
                },
                "number_of_beds": {
                    "description": "Number of bedrooms in the property",
                    "aliases": [],
                    "possible_values": [
                        "1",
                        "2",
                        "3",
                        "4"
                    ],
                    "alternatives": [],
                    "category": "NUMBER",
                    "trackable": true
                },
                "number_of_baths": {
                    "description": "Number of bathroom in the property",
                    "aliases": [],
                    "possible_values": [
                        "1",
                        "2",
                        "3",
                        "4"
                    ],
                    "alternatives": [],
                    "category": "NUMBER",
                    "trackable": true
                }
            }
        },
        "Hotels": {
            "description":"For searching and booking houses for short term stay",
            "intents": {},
            "services": {
                "Hotels_2": "A popular service for searching and booking houses for short term stay",
                "Hotels_4": "Accommodation searching and booking portal"
            },
            "slots": {
                "place_name": {
                    "description": "Name of the accommodation",
                    "aliases": [],
                    "possible_values": [],
                    "alternatives": [],
                    "category": "LOCATION",
                    "trackable": true
                },
                "location": {
                    "description": "City or town where the accommodation is located",
                    "aliases": [
                        "where_to"
                    ],
                    "possible_values": [],
                    "alternatives": [],
                    "category": "LOCATION",
                    "trackable": true
                },
                "number_of_rooms": {
                    "description": "Number of rooms to reserve",
                    "aliases": [],
                    "possible_values": [
                        "1",
                        "2",
                        "3"
                    ],
                    "alternatives": [],
                    "category": "NUMBER",
                    "trackable": true
                },
                "number_of_adults": {
                    "description": "Number of people for the reservation",
                    "aliases": [],
                    "possible_values": [
                        "1",
                        "2",
                        "3",
                        "4",
                        "5"
                    ],
                    "alternatives": [],
                    "category": "NUMBER",
                    "trackable": true
                },
                "check_in_date": {
                    "description": "Start date for the reservation or to find the house",
                    "aliases": [],
                    "possible_values": [],
                    "alternatives": [],
                    "category": "DAY",
                    "trackable": true
                },
                "check_out_date": {
                    "description": "End date for the reservation or to find the house",
                    "aliases": [],
                    "possible_values": [],
                    "alternatives": [],
                    "category": "DAY",
                    "trackable": true
                },
                "stay_length": {
                    "description": "Length of stay in days",
                    "aliases": [],
                    "possible_values": [],
                    "alternatives": [],
                    "category": "NUMBER",
                    "trackable": true
                },
                "rating": {
                    "description": "Review or Star rating of the house",
                    "aliases": [
                        "star_rating"
                    ],
                    "possible_values": [],
                    "alternatives": [],
                    "category": "NUMBER",
                    "trackable": true
                },
                "address": {
                    "description": "Address of the house",
                    "aliases": [
                        "street_address"
                    ],
                    "possible_values": [],
                    "alternatives": [],
                    "category": "LOCATION",
                    "trackable": true
                },
                "phone_number": {
                    "description": "Phone number of the house",
                    "aliases": [],
                    "possible_values": [],
                    "alternatives": [],
                    "category": "NUMBER",
                    "trackable": true
                },
                "total_price": {
                    "description": "Price per night of the house",
                    "aliases": [],
                    "possible_values": [],
                    "alternatives": [],
                    "category": "PRICE",
                    "trackable": true
                },
                "price_per_night": {
                    "description": "Price per night for the stay",
                    "aliases": [],
                    "possible_values": [],
                    "alternatives": [],
                    "category": "PRICE",
                    "trackable": true
                },
                "smoking_allowed": {
                    "description": "Whether or not smoking is allowed inside the place",
                    "aliases": [],
                    "possible_values": [
                        "True",
                        "False"
                    ],
                    "alternatives": [],
                    "category": "BOOLEAN",
                    "trackable": true
                },
                "has_laundry_service": {
                    "description": "Boolean flag indicating if the house has laundry service",
                    "aliases": [],
                    "possible_values": [
                        "True",
                        "False"
                    ],
                    "alternatives": [],
                    "category": "BOOLEAN",
                    "trackable": true
                }
            }
        },
        "Media": {
            "description":"Find unlimited access to best shows, movies, comedy, sports, documentaries and more.",
            "intents": {},
            "services": {
                "Media_3": "Enjoy instant and unlimited access to best shows, movies, comedy, sports, documentaries and more."
            },
            "slots": {
                "title": {
                    "description": "Title of the movie",
                    "aliases": [],
                    "possible_values": [],
                    "alternatives": [],
                    "category": "NAME",
                    "trackable": true
                },
                "genre": {
                    "description": "Category of the content",
                    "aliases": [],
                    "possible_values": [],
                    "alternatives": [],
                    "category": "TYPE",
                    "trackable": true
                },
                "subtitle_language": {
                    "description": "Language of the subtitles",
                    "aliases": [],
                    "possible_values": [
                        "English",
                        "Spanish",
                        "Hindi",
                        "French"
                    ],
                    "alternatives": [],
                    "category": "NAME",
                    "trackable": true
                },
                "starring": {
                    "description": "Celebs acting in the movie",
                    "aliases": [],
                    "possible_values": [],
                    "alternatives": [],
                    "category": "NAME",
                    "trackable": true
                }
            }
        },
        "Messaging": {
            "description":"Service to connect and share locations with your contacts",
            "intents": {},
            "services": {
                "Messaging_1": "Enjoy instant and unlimited access to best shows, movies, comedy, sports, documentaries and more."
            },
            "slots": {
                "location": {
                    "description": "Location to share with contact",
                    "aliases": [],
                    "possible_values": [],
                    "alternatives": [],
                    "category": "LOCATION",
                    "trackable": true
                },
                "contact_name": {
                    "description": "Name of contact to send to",
                    "aliases": [],
                    "possible_values": [],
                    "alternatives": [],
                    "category": "NAME",
                    "trackable": true
                }
            }
        },
        "Movies": {
            "description":"For searching for show times and booking movies tickets",
            "intents": {},
            "services": {
                "Movies_1": "A go-to provider for finding movies, searching for show times and booking tickets",
                "Movies_3": "A review-aggregation website for movies and television"
            },
            "slots": {
                "price": {
                    "description": "Price per ticket",
                    "aliases": [],
                    "possible_values": [],
                    "alternatives": [],
                    "category": "PRICE",
                    "trackable": true
                },
                "number_of_tickets": {
                    "description": "Number of the movie tickets to be purchased",
                    "aliases": [],
                    "possible_values": [
                        "1",
                        "2",
                        "3",
                        "4",
                        "5",
                        "6",
                        "7",
                        "8",
                        "9"
                    ],
                    "alternatives": [],
                    "category": "NUMBER",
                    "trackable": true
                },
                "show_type": {
                    "description": "Type of show in the cinema.",
                    "aliases": [],
                    "possible_values": [
                        "regular",
                        "3d",
                        "imax"
                    ],
                    "alternatives": [],
                    "category": "TYPE",
                    "trackable": true
                },
                "theater_name": {
                    "description": "Name of the theatre",
                    "aliases": [],
                    "possible_values": [],
                    "alternatives": [],
                    "category": "NAME",
                    "trackable": true
                },
                "show_time": {
                    "description": "Time of the show",
                    "aliases": [],
                    "possible_values": [],
                    "alternatives": [],
                    "category": "TIME",
                    "trackable": true
                },
                "show_date": {
                    "description": "Date of the show",
                    "aliases": [],
                    "possible_values": [],
                    "alternatives": [],
                    "category": "DAY",
                    "trackable": true
                },
                "genre": {
                    "description": "Type or genre of the movie",
                    "aliases": [],
                    "possible_values": [],
                    "alternatives": [],
                    "category": "TYPE",
                    "trackable": true
                },
                "street_address": {
                    "description": "Address of the theatre",
                    "aliases": [],
                    "possible_values": [],
                    "alternatives": [],
                    "category": "LOCATION",
                    "trackable": true
                },
                "location": {
                    "description": "City where the theatre is located",
                    "aliases": [],
                    "possible_values": [],
                    "alternatives": [],
                    "category": "LOCATION",
                    "trackable": true
                },
                "movie_name": {
                    "description": "Name of the movie",
                    "aliases": [
                        "movie_title"
                    ],
                    "possible_values": [],
                    "alternatives": [],
                    "category": "NAME",
                    "trackable": true
                },
                "percent_rating": {
                    "description": "Average critic percentage rating",
                    "aliases": [],
                    "possible_values": [],
                    "alternatives": [],
                    "category": "NUMBER",
                    "trackable": true
                },
                "cast": {
                    "description": "Actors in the movie",
                    "aliases": [],
                    "possible_values": [],
                    "alternatives": [],
                    "category": "NAME",
                    "trackable": true
                },
                "directed_by": {
                    "description": "Director of the movie",
                    "aliases": [],
                    "possible_values": [],
                    "alternatives": [],
                    "category": "NAME",
                    "trackable": true
                }
            }
        },
        "Music": {
            "description":"For searching for music, playing music and streaming music",
            "intents": {},
            "services": {
                "Music_3": "A free, personalized platform that plays music you'll love. Discover new music and enjoy old favorites."
            },
            "slots": {
                "track": {
                    "description": "Name of the song",
                    "aliases": [],
                    "possible_values": [],
                    "alternatives": [],
                    "category": "NAME",
                    "trackable": true
                },
                "artist": {
                    "description": "Performer's name",
                    "aliases": [],
                    "possible_values": [],
                    "alternatives": [],
                    "category": "NAME",
                    "trackable": true
                },
                "album": {
                    "description": "Collection of the song",
                    "aliases": [],
                    "possible_values": [],
                    "alternatives": [],
                    "category": "NAME",
                    "trackable": true
                },
                "genre": {
                    "description": "Type of the music",
                    "aliases": [],
                    "possible_values": [],
                    "alternatives": [],
                    "category": "TYPE",
                    "trackable": true
                },
                "year": {
                    "description": "Year when the song was first released",
                    "aliases": [],
                    "possible_values": [
                        "2010",
                        "2011",
                        "2012",
                        "2013",
                        "2014",
                        "2015",
                        "2016",
                        "2017",
                        "2018",
                        "2019"
                    ],
                    "alternatives": [],
                    "category": "TIME",
                    "trackable": true
                },
                "device": {
                    "description": "Place or name of the media player to play the song selected",
                    "aliases": [],
                    "possible_values": [
                        "Living room",
                        "Kitchen",
                        "Patio"
                    ],
                    "alternatives": [],
                    "category": "NAME",
                    "trackable": true
                }
            }
        },
        "Payment": {
            "description":"For making payments in apps",
            "intents": {},
            "services": {
                "Payment_1": "The fast, simple way to pay in apps, on the web, and in millions of stores"
            },
            "slots": {
                "payment_method": {
                    "description": "The source of money used for making the payment",
                    "aliases": [],
                    "possible_values": [
                        "app balance",
                        "debit card",
                        "credit card"
                    ],
                    "alternatives": [],
                    "category": "TYPE",
                    "trackable": true
                },
                "amount": {
                    "description": "The amount of money to send or request",
                    "aliases": [],
                    "possible_values": [],
                    "alternatives": [],
                    "category": "PRICE",
                    "trackable": true
                },
                "receiver": {
                    "description": "Name of the contact or account to make the transaction with",
                    "aliases": [],
                    "possible_values": [],
                    "alternatives": [],
                    "category": "NAME",
                    "trackable": true
                },
                "private_visibility": {
                    "description": "Whether the transaction is private or not",
                    "aliases": [],
                    "possible_values": [
                        "True",
                        "False"
                    ],
                    "alternatives": [],
                    "category": "BOOLEAN",
                    "trackable": true
                }
            }
        },
        "Rental Cars": {
            "description":"For car rental",
            "intents": {},
            "services": {
                "RentalCars_3": "A leading global provider of car rental solutions"
            },
            "slots": {
                "car_type": {
                    "description": "Type of the car",
                    "aliases": [],
                    "possible_values": [
                        "Hatchback",
                        "Sedan",
                        "SUV"
                    ],
                    "alternatives": [],
                    "category": "TYPE",
                    "trackable": true
                },
                "car_name": {
                    "description": "Car model",
                    "aliases": [],
                    "possible_values": [],
                    "alternatives": [],
                    "category": "NAME",
                    "trackable": true
                },
                "pickup_location": {
                    "description": "Place to pick up the car",
                    "aliases": [],
                    "possible_values": [],
                    "alternatives": [],
                    "category": "LOCATION",
                    "trackable": true
                },
                "start_date": {
                    "description": "The first date to start using the rental car",
                    "aliases": [],
                    "possible_values": [],
                    "alternatives": [],
                    "category": "DAY",
                    "trackable": true
                },
                "pickup_time": {
                    "description": "Time for the pick-up",
                    "aliases": [],
                    "possible_values": [],
                    "alternatives": [],
                    "category": "TIME",
                    "trackable": true
                },
                "city": {
                    "description": "City where you want to rent the car",
                    "aliases": [],
                    "possible_values": [],
                    "alternatives": [],
                    "category": "LOCATION",
                    "trackable": true
                },
                "end_date": {
                    "description": "The date to return the car",
                    "aliases": [],
                    "possible_values": [],
                    "alternatives": [],
                    "category": "DAY",
                    "trackable": true
                },
                "price_per_day": {
                    "description": "The cost for renting the car per day",
                    "aliases": [],
                    "possible_values": [],
                    "alternatives": [],
                    "category": "DAY",
                    "trackable": true
                },
                "add_insurance": {
                    "description": "Whether to purchase insurance",
                    "aliases": [],
                    "possible_values": [
                        "True",
                        "False"
                    ],
                    "alternatives": [],
                    "category": "BOOLEAN",
                    "trackable": true
                }
            }
        },
        "Restaurants": {
            "description":"to find and reserve restaturants",
            "intents": {},
            "services": {
                "Restaurants_2": "A popular restaurant search and reservation service"
            },
            "slots": {
                "restaurant_name": {
                    "description": "Name of the restaurant",
                    "aliases": [],
                    "possible_values": [],
                    "alternatives": [],
                    "category": "NAME",
                    "trackable": true
                },
                "date": {
                    "description": "Tentative date of restaurant reservation",
                    "aliases": [],
                    "possible_values": [],
                    "alternatives": [],
                    "category": "DAY",
                    "trackable": true
                },
                "time": {
                    "description": "Tentative time of restaurant reservation",
                    "aliases": [],
                    "possible_values": [],
                    "alternatives": [],
                    "category": "TIME",
                    "trackable": true
                },
                "has_seating_outdoors": {
                    "description": "Boolean flag to indicatre whether the restaurant has outdoor seating available",
                    "aliases": [],
                    "possible_values": [
                        "True",
                        "False"
                    ],
                    "alternatives": [],
                    "category": "BOOLEAN",
                    "trackable": true
                },
                "has_vegetarian_options": {
                    "description": "Whether the restaurant has adequate vegetarian options",
                    "aliases": [],
                    "possible_values": [
                        "True",
                        "False"
                    ],
                    "alternatives": [],
                    "category": "BOOLEAN",
                    "trackable": true
                },
                "phone_number": {
                    "description": "Phone number to contact restaurant",
                    "aliases": [],
                    "possible_values": [],
                    "alternatives": [],
                    "category": "NUMBER",
                    "trackable": true
                },
                "rating": {
                    "description": "Average user rating for restaurant on a scale of 5",
                    "aliases": [],
                    "possible_values": [],
                    "alternatives": [],
                    "category": "NUMBER",
                    "trackable": true
                },
                "address": {
                    "description": "Address of restaurant",
                    "aliases": [],
                    "possible_values": [],
                    "alternatives": [],
                    "category": "LOCATION",
                    "trackable": true
                },
                "number_of_seats": {
                    "description": "Number of people to reserve restaurant for",
                    "aliases": [],
                    "possible_values": [
                        "1",
                        "2",
                        "3",
                        "4",
                        "5",
                        "6"
                    ],
                    "alternatives": [],
                    "category": "NUMBER",
                    "trackable": true
                },
                "price_range": {
                    "description": "Price range for the restaurant",
                    "aliases": [],
                    "possible_values": [
                        "cheap",
                        "moderate",
                        "pricey",
                        "ultra high-end"
                    ],
                    "alternatives": [],
                    "category": "PRICE",
                    "trackable": true
                },
                "location": {
                    "description": "City where the restaurant is located",
                    "aliases": [],
                    "possible_values": [],
                    "alternatives": [],
                    "category": "LOCATION",
                    "trackable": true
                },
                "category": {
                    "description": "The category of food offered by the restaurant",
                    "aliases": [],
                    "possible_values": [],
                    "alternatives": [],
                    "category": "TYPE",
                    "trackable": true
                }
            }
        },
        "Ride Sharing": {
            "description":"App to book a cab to any destination",
            "intents": {},
            "services": {
                "RideSharing_2": "App to book a cab to any destination"
            },
            "slots": {
                "destination": {
                    "description": "Destination address or location for cab",
                    "aliases": [],
                    "possible_values": [],
                    "alternatives": [],
                    "category": "LOCATION",
                    "trackable": true
                },
                "ride_type": {
                    "description": "Type of cab ride",
                    "aliases": [],
                    "possible_values": [
                        "Pool",
                        "Regular",
                        "Luxury"
                    ],
                    "alternatives": [],
                    "category": "TYPE",
                    "trackable": true
                },
                "ride_fare": {
                    "description": "Total fare for cab ride",
                    "aliases": [],
                    "possible_values": [],
                    "alternatives": [],
                    "category": "NUMBER",
                    "trackable": true
                },
                "wait_time": {
                    "description": "Expected waiting time for pick-up by cab",
                    "aliases": [],
                    "possible_values": [],
                    "alternatives": [],
                    "category": "TIME",
                    "trackable": true
                },
                "number_of_seats": {
                    "description": "Number of people to reserve cab for",
                    "aliases": [],
                    "possible_values": [
                        "1",
                        "2",
                        "3",
                        "4"
                    ],
                    "alternatives": [],
                    "category": "NUMBER",
                    "trackable": true
                }
            }
        },
        "Hair Stylist Service": {
            "description":"finding and reserving the hair stylist and salons",
            "intents": {},
            "services": {
                "Services_1": "A widely used service for finding and reserving the hair stylist of your choice"
            },
            "slots": {
                "stylist_name": {
                    "description": "Name of the hair stylist or the salon",
                    "aliases": [],
                    "possible_values": [],
                    "alternatives": [],
                    "category": "NAME",
                    "trackable": true
                },
                "phone_number": {
                    "description": "Phone number of the stylist or the salon",
                    "aliases": [],
                    "possible_values": [],
                    "alternatives": [],
                    "category": "NUMBER",
                    "trackable": true
                },
                "average_rating": {
                    "description": "Average review rating for the stylist or the salon",
                    "aliases": [],
                    "possible_values": [],
                    "alternatives": [],
                    "category": "NUMBER",
                    "trackable": true
                },
                "is_unisex": {
                    "description": "Boolean flag indicating if the salon is unisex",
                    "aliases": [],
                    "possible_values": [
                        "True",
                        "False"
                    ],
                    "alternatives": [],
                    "category": "BOOLEAN",
                    "trackable": true
                },
                "street_address": {
                    "description": "Address of the stylist or the salon",
                    "aliases": [],
                    "possible_values": [],
                    "alternatives": [],
                    "category": "LOCATION",
                    "trackable": true
                },
                "city": {
                    "description": "City where the salon is located",
                    "aliases": [],
                    "possible_values": [],
                    "alternatives": [],
                    "category": "LOCATION",
                    "trackable": true
                },
                "appointment_date": {
                    "description": "Date of the appointment",
                    "aliases": [],
                    "possible_values": [],
                    "alternatives": [],
                    "category": "DAY",
                    "trackable": true
                },
                "appointment_time": {
                    "description": "Time of the appointment",
                    "aliases": [],
                    "possible_values": [],
                    "alternatives": [],
                    "category": "TIME",
                    "trackable": true
                }
            }
        },
        "Therapist Service": {
            "description":"to find and reserve therapists",
            "intents": {},
            "services": {
                "Services_4": "Discover the right therapist for you and make reservations easily"
            },
            "slots": {
                "therapist_name": {
                    "description": "Name of the therapist",
                    "aliases": [],
                    "possible_values": [],
                    "alternatives": [],
                    "category": "NAME",
                    "trackable": true
                },
                "phone_number": {
                    "description": "Contact number of the therapist",
                    "aliases": [],
                    "possible_values": [],
                    "alternatives": [],
                    "category": "NUMBER",
                    "trackable": true
                },
                "address": {
                    "description": "Address of the therapist",
                    "aliases": [],
                    "possible_values": [],
                    "alternatives": [],
                    "category": "LOCATION",
                    "trackable": true
                },
                "city": {
                    "description": "Area where user wants to search for a therapist",
                    "aliases": [],
                    "possible_values": [],
                    "alternatives": [],
                    "category": "LOCATION",
                    "trackable": true
                },
                "appointment_date": {
                    "description": "Date of the appointment",
                    "aliases": [],
                    "possible_values": [],
                    "alternatives": [],
                    "category": "DAY",
                    "trackable": true
                },
                "appointment_time": {
                    "description": "Time of the appointment",
                    "aliases": [],
                    "possible_values": [],
                    "alternatives": [],
                    "category": "TIME",
                    "trackable": true
                },
                "type": {
                    "description": "Type of the therapist",
                    "aliases": [],
                    "possible_values": [
                        "Psychologist",
                        "Family Counselor",
                        "Psychiatrist"
                    ],
                    "alternatives": [],
                    "category": "TYPE",
                    "trackable": true
                }
            }
        },
        "Trains": {
            "description":"to find and reserve train journeys between cities",
            "intents": {},
            "services": {
                "Trains_1": "Service to find and reserve train journeys between cities"
            },
            "slots": {
                "from": {
                    "description": "Starting city for train journey",
                    "aliases": [],
                    "possible_values": [],
                    "alternatives": [],
                    "category": "LOCATION",
                    "trackable": true
                },
                "to": {
                    "description": "Ending city for train journey",
                    "aliases": [],
                    "possible_values": [],
                    "alternatives": [],
                    "category": "LOCATION",
                    "trackable": true
                },
                "from_station": {
                    "description": "Name of station at starting city",
                    "aliases": [],
                    "possible_values": [],
                    "alternatives": [],
                    "category": "NAME",
                    "trackable": true
                },
                "to_station": {
                    "description": "Name of station at ending city",
                    "aliases": [],
                    "possible_values": [],
                    "alternatives": [],
                    "category": "NAME",
                    "trackable": true
                },
                "date_of_journey": {
                    "description": "Date of train journey",
                    "aliases": [],
                    "possible_values": [],
                    "alternatives": [],
                    "category": "DAY",
                    "trackable": true
                },
                "journey_start_time": {
                    "description": "Time of start of train journey",
                    "aliases": [],
                    "possible_values": [],
                    "alternatives": [],
                    "category": "TIME",
                    "trackable": true
                },
                "total": {
                    "description": "Total price of train reservation",
                    "aliases": [],
                    "possible_values": [],
                    "alternatives": [],
                    "category": "PRICE",
                    "trackable": true
                },
                "number_of_adults": {
                    "description": "Number of adults to reserve train tickets for",
                    "aliases": [],
                    "possible_values": [
                        "1",
                        "2",
                        "3",
                        "4",
                        "5"
                    ],
                    "alternatives": [],
                    "category": "NUMBER",
                    "trackable": true
                },
                "class": {
                    "description": "Fare class for train reservation",
                    "aliases": [],
                    "possible_values": [
                        "Value",
                        "Flexible",
                        "Business"
                    ],
                    "alternatives": [],
                    "category": "TYPE",
                    "trackable": true
                },
                "trip_protection": {
                    "description": "Whether to add trip protection to reservation, for a fee",
                    "aliases": [],
                    "possible_values": [
                        "True",
                        "False"
                    ],
                    "alternatives": [],
                    "category": "BOOLEAN",
                    "trackable": true
                }
            }
        },
        "Attraction": {
            "description":"to find attractions and points of interest",
            "intents": {},
            "services": {
                "Travel_1": "The biggest database of tourist attractions and points of interest"
            },
            "slots": {
                "location": {
                    "description": "City or town where the attraction is located",
                    "aliases": [],
                    "possible_values": [],
                    "alternatives": [],
                    "category": "LOCATION",
                    "trackable": true
                },
                "attraction_name": {
                    "description": "Common name of the attraction",
                    "aliases": [],
                    "possible_values": [],
                    "alternatives": [],
                    "category": "NAME",
                    "trackable": true
                },
                "category": {
                    "description": "Category to which the attraction belongs",
                    "aliases": [],
                    "possible_values": [
                        "Place of Worship",
                        "Theme Park",
                        "Museum",
                        "Historical Landmark",
                        "Park",
                        "Tourist Attraction",
                        "Sports Venue",
                        "Shopping Area",
                        "Performing Arts Venue",
                        "Nature Preserve"
                    ],
                    "alternatives": [],
                    "category": "TYPE",
                    "trackable": true
                },
                "phone_number": {
                    "description": "Phone number to contact the attraction",
                    "aliases": [],
                    "possible_values": [],
                    "alternatives": [],
                    "category": "NUMBER",
                    "trackable": true
                },
                "free_entry": {
                    "description": "Boolean flag indicating whether entrance to attraction is free",
                    "aliases": [],
                    "possible_values": [
                        "True",
                        "False"
                    ],
                    "alternatives": [],
                    "category": "BOOLEAN",
                    "trackable": true
                },
                "good_for_kids": {
                    "description": "Boolean flag indicating whether attraction is good for to take kids to",
                    "aliases": [],
                    "possible_values": [
                        "True",
                        "False"
                    ],
                    "alternatives": [],
                    "category": "BOOLEAN",
                    "trackable": true
                }
            }
        },
        "Weather": {
            "description":"to check the weather",
            "intents": {},
            "services": {
                "Weather_1": "Check the weather for any place and any date"
            },
            "slots": {
                "precipitation": {
                    "description": "The possibility of rain or snow in percentage",
                    "aliases": [],
                    "possible_values": [],
                    "alternatives": [],
                    "category": "NUMBER",
                    "trackable": true
                },
                "humidity": {
                    "description": "Percentage humidity",
                    "aliases": [],
                    "possible_values": [],
                    "alternatives": [],
                    "category": "NUMBER",
                    "trackable": true
                },
                "wind": {
                    "description": "Wind speed in miles per hour",
                    "aliases": [],
                    "possible_values": [],
                    "alternatives": [],
                    "category": "NUMBER",
                    "trackable": true
                },
                "temperature": {
                    "description": "Temperature in Fahrenheit",
                    "aliases": [],
                    "possible_values": [],
                    "alternatives": [],
                    "category": "NUMBER",
                    "trackable": true
                },
                "city": {
                    "description": "Name of the city",
                    "aliases": [],
                    "possible_values": [],
                    "alternatives": [],
                    "category": "LOCATION",
                    "trackable": true
                },
                "date": {
                    "description": "Date for the weather",
                    "aliases": [],
                    "possible_values": [],
                    "alternatives": [],
                    "category": "DAY",
                    "trackable": true
                }
            }
        }
    }
}